sentence_id,text,label
HCH_006_001_000001,太祖,PER
HCH_006_001_000001,皇帝,TITLE
HCH_006_001_000001,鐵木真,PER
HCH_006_001_000001,奇渥溫,PER
HCH_006_001_000002,十,NUM
HCH_006_001_000002,世祖,PER
HCH_006_001_000002,孛端叉兒,PER
HCH_006_001_000002,阿蘭果火,PER
HCH_006_001_000002,脫奔咩哩犍,PER
HCH_006_001_000002,二,NUM
HCH_006_001_000002,博寒葛答黑,PER
HCH_006_001_000002,博合覩撒里直,PER
HCH_006_001_000003,阿蘭,PER
HCH_006_001_000004,阿蘭,PER
HCH_006_001_000004,一,NUM
HCH_006_001_000004,孛端叉兒,PER
HCH_006_001_000005,孛端叉兒,PER
HCH_006_001_000006,阿蘭,PER
HCH_006_001_000006,阿蘭,PER
HCH_006_001_000007,孛端叉兒,PER
HCH_006_001_000007,八里,NUM
HCH_006_001_000008,孛端叉兒,PER
HCH_006_001_000010,十,NUM
HCH_006_001_000010,統急里忽魯,LOC
HCH_006_001_000010,孛端叉兒,PER
HCH_006_001_000011,一,NUM
HCH_006_001_000011,孛端叉兒,PER
HCH_006_001_000012,孛端叉兒,PER
HCH_006_001_000012,統急里忽魯,PER
HCH_006_001_000013,孛端叉兒,PER
HCH_006_001_000014,孛端叉兒,PER
HCH_006_001_000014,八,NUM
HCH_006_001_000014,咩撚篤敦,PER
HCH_006_001_000015,咩撚篤敦,PER
HCH_006_001_000015,莫挐倫,PER
HCH_006_001_000015,七,NUM
HCH_006_001_000016,莫挐倫,PER
HCH_006_001_000017,押剌伊而,PER
HCH_006_001_000017,莫挐倫,PER
HCH_006_001_000018,押剌伊,PER
HCH_006_001_000018,莫挐倫,PER
HCH_006_001_000019,莫挐倫,PER
HCH_006_001_000020,莫挐倫,PER
HCH_006_001_000021,六,NUM
HCH_006_001_000022,押剌伊而,PER
HCH_006_001_000022,莫挐倫,PER
HCH_006_001_000023,一,NUM
HCH_006_001_000023,海都,PER
HCH_006_001_000024,莫挐倫,PER
HCH_006_001_000024,七,NUM
HCH_006_001_000024,納真,PER
HCH_006_001_000024,八,NUM
HCH_006_001_000025,十,NUM
HCH_006_001_000025,海都,PER
HCH_006_001_000026,三,NUM
HCH_006_001_000026,納真,PER
HCH_006_001_000027,押剌伊而,PER
HCH_006_001_000028,二騎,NUM
HCH_006_001_000029,納真,PER
HCH_006_001_000030,轉一河,LOC
HCH_006_001_000032,納真,PER
HCH_006_001_000033,納真,PER
HCH_006_001_000034,一山,LOC
HCH_006_001_000034,百,NUM
HCH_006_001_000035,納真,PER
HCH_006_001_000037,登山,LOC
HCH_006_001_000037,四,NUM
HCH_006_001_000037,海都,PER
HCH_006_001_000037,八,NUM
HCH_006_001_000038,海都,PER
HCH_006_001_000038,納真,PER
HCH_006_001_000038,八,NUM
HCH_006_001_000038,怯谷,LOC
HCH_006_001_000039,海都,PER
HCH_006_001_000039,押剌伊而,PER
HCH_006_001_000040,八,NUM
HCH_006_001_000040,剌合黑河,LOC
HCH_006_001_000040,跨河,LOC
HCH_006_001_000041,四,NUM
HCH_006_001_000042,海都,PER
HCH_006_001_000042,忽兒,PER
HCH_006_001_000043,忽兒,PER
HCH_006_001_000043,敦必乃,PER
HCH_006_001_000044,敦必乃,PER
HCH_006_001_000044,葛不律寒,PER
HCH_006_001_000045,葛不律寒,PER
HCH_006_001_000045,八,NUM
HCH_006_001_000046,八,NUM
HCH_006_001_000046,也速該,PER
HCH_006_001_000047,也速該,PER
HCH_006_001_000047,至元三年十月,TME
HCH_006_001_000047,烈,PER
HCH_006_001_000047,元,PER
HCH_006_001_000047,皇帝,TITLE
HCH_006_001_000048,烈,PER
HCH_006_001_000048,塔塔兒,PER
HCH_006_001_000048,鐵木真,PER
HCH_006_001_000049,宣懿,PER
HCH_006_001_000049,太后,TITLE
HCH_006_001_000049,月倫,PER
HCH_006_001_000050,烈,PER
HCH_006_001_000050,鐵木真,PER
HCH_006_001_000051,泰赤烏部,PER
HCH_006_001_000051,烈,PER
HCH_006_001_000051,因塔兒不台,ORG
HCH_006_001_000052,烈,PER
HCH_006_001_000052,泰赤烏,PER
HCH_006_001_000053,脫端火兒真,PER
HCH_006_001_000054,脫端,PER
HCH_006_001_000055,宣懿,PER
HCH_006_001_000055,太后,TITLE
HCH_006_001_000055,半,NUM
HCH_006_001_000056,搠只,PER
HCH_006_001_000056,薩里河,LOC
HCH_006_001_000057,札木合,PER
HCH_006_001_000057,禿台察,PER
HCH_006_001_000057,玉律哥泉,LOC
HCH_006_001_000057,薩里河,LOC
HCH_006_001_000058,搠只,PER
HCH_006_001_000059,札木合,PER
HCH_006_001_000059,泰赤烏,PER
HCH_006_001_000059,三萬,NUM
HCH_006_001_000060,帝時駐軍,ORG
HCH_006_001_000060,答闌版朱思,LOC
HCH_006_001_000060,十,NUM
HCH_006_001_000060,三,NUM
HCH_006_001_000061,札木合,PER
HCH_006_001_000062,泰赤烏,PER
HCH_006_001_000063,照烈部,PER
HCH_006_001_000064,照烈,PER
HCH_006_001_000064,照烈,PER
HCH_006_001_000064,四百,NUM
HCH_006_001_000064,半,NUM
HCH_006_001_000065,帝使,TITLE
HCH_006_001_000065,照烈,PER
HCH_006_001_000065,照烈,PER
HCH_006_001_000066,泰赤烏,PER
HCH_006_001_000066,鐵木真,PER
HCH_006_001_000066,太子,TITLE
HCH_006_001_000066,照烈,PER
HCH_006_001_000066,玉律,PER
HCH_006_001_000066,泰赤烏,PER
HCH_006_001_000066,塔海答魯,PER
HCH_006_001_000066,泰赤烏,PER
HCH_006_001_000067,二人,NUM
HCH_006_001_000068,塔海答魯,PER
HCH_006_001_000068,中路,LOC
HCH_006_001_000068,泰,LOC
HCH_006_001_000068,赤烏,PER
HCH_006_001_000068,照烈,PER
HCH_006_001_000069,泰,PER
HCH_006_001_000070,赤老溫,PER
HCH_006_001_000070,哲別,PER
HCH_006_001_000070,若失力哥也不干,PER
HCH_006_001_000070,朵郎吉,PER
HCH_006_001_000070,若札剌兒,PER
HCH_006_001_000070,若忙兀,PER
HCH_006_001_000071,薛徹,PER
HCH_006_001_000071,大丑,PER
HCH_006_001_000071,薛徹別吉,PER
HCH_006_001_000071,斡難河,LOC
HCH_006_001_000072,薛徹別吉,PER
HCH_006_001_000072,忽兒真,PER
HCH_006_001_000072,一,NUM
HCH_006_001_000072,薛徹別吉,PER
HCH_006_001_000072,野別該,PER
HCH_006_001_000072,一,NUM
HCH_006_001_000073,忽兒真,PER
HCH_006_001_000073,野別該,PER
HCH_006_001_000073,饍者失丘兒,PER
HCH_006_001_000075,別里古台,PER
HCH_006_001_000075,播里,PER
HCH_006_001_000075,薛徹別吉,PER
HCH_006_001_000076,播里,PER
HCH_006_001_000076,別里古台,PER
HCH_006_001_000077,播里,PER
HCH_006_001_000077,別里古台,PER
HCH_006_001_000078,別里古台,PER
HCH_006_001_000078,忽兒真,PER
HCH_006_001_000078,火里真,PER
HCH_006_001_000078,二,NUM
HCH_006_001_000078,哈敦,PER
HCH_006_001_000079,薛徹別吉,PER
HCH_006_001_000079,二,NUM
HCH_006_001_000079,哈敦,PER
HCH_006_001_000080,塔塔兒,PER
HCH_006_001_000080,蔑兀真笑里徒,PER
HCH_006_001_000080,金,LOC
HCH_006_001_000080,金,LOC
HCH_006_001_000080,丞相,TITLE
HCH_006_001_000080,完顏襄,PER
HCH_006_001_000081,斡難河,LOC
HCH_006_001_000081,薛徹別吉,PER
HCH_006_001_000082,六,NUM
HCH_006_001_000082,蔑兀真笑里徒,PER
HCH_006_001_000083,六十人,NUM
HCH_006_001_000083,薛徹別吉,PER
HCH_006_001_000084,薛徹別吉,PER
HCH_006_001_000084,十人,NUM
HCH_006_001_000084,五十人,NUM
HCH_006_001_000085,薛徹別吉,PER
HCH_006_001_000085,失,PER
HCH_006_001_000085,丘,LOC
HCH_006_001_000085,兒,PER
HCH_006_001_000085,別里古台,PER
HCH_006_001_000085,沙,LOC
HCH_006_001_000085,薛徹,PER
HCH_006_001_000085,大丑,PER
HCH_006_001_000086,薛徹,PER
HCH_006_001_000086,大丑,PER
HCH_006_001_000086,帖烈徒,LOC
HCH_006_001_000086,隘,LOC
HCH_006_001_000087,烈,PER
HCH_006_001_000087,札阿紺孛,PER
HCH_006_001_000088,札阿紺孛,PER
HCH_006_001_000088,汪罕,PER
HCH_006_001_000089,汪罕,PER
HCH_006_001_000089,脫里,PER
HCH_006_001_000089,金,LOC
HCH_006_001_000089,汪罕,PER
HCH_006_001_000090,汪罕,PER
HCH_006_001_000090,忽兒札胡思盃祿,PER
HCH_006_001_000090,汪罕,PER
HCH_006_001_000091,菊兒,PER
HCH_006_001_000091,罕,PER
HCH_006_001_000091,汪罕,PER
HCH_006_001_000091,哈剌,PER
HCH_006_001_000091,溫隘,LOC
HCH_006_001_000091,百餘騎,NUM
HCH_006_001_000091,烈,PER
HCH_006_001_000092,烈,PER
HCH_006_001_000092,菊兒,PER
HCH_006_001_000092,罕,PER
HCH_006_001_000092,夏,LOC
HCH_006_001_000092,汪罕,PER
HCH_006_001_000093,汪罕,PER
HCH_006_001_000094,烈,PER
HCH_006_001_000094,汪罕,PER
HCH_006_001_000094,也力可哈剌,PER
HCH_006_001_000094,汪罕,PER
HCH_006_001_000095,乃,PER
HCH_006_001_000095,亦難赤,PER
HCH_006_001_000095,汪罕,PER
HCH_006_001_000096,汪罕,PER
HCH_006_001_000096,河西,LOC
HCH_006_001_000096,三,NUM
HCH_006_001_000098,烈,PER
HCH_006_001_000099,安置軍,ORG
HCH_006_001_000100,土兀剌河,LOC
HCH_006_001_000100,汪罕,PER
HCH_006_001_000101,蔑,LOC
HCH_006_001_000101,里,PER
HCH_006_001_000101,乞,LOC
HCH_006_001_000101,脫脫,PER
HCH_006_001_000101,莫那察山,LOC
HCH_006_001_000101,汪罕,PER
HCH_006_001_000102,汪罕,PER
HCH_006_001_000103,汪罕,PER
HCH_006_001_000103,蔑里乞,LOC
HCH_006_001_000104,脫脫,PER
HCH_006_001_000104,八,NUM
HCH_006_001_000105,汪罕,PER
HCH_006_001_000105,一,NUM
HCH_006_001_000106,乃,PER
HCH_006_001_000106,不,PER
HCH_006_001_000106,魯欲,PER
HCH_006_001_000106,欲魯,PER
HCH_006_001_000106,罕,PER
HCH_006_001_000106,汪罕,PER
HCH_006_001_000106,八石,NUM
HCH_006_001_000106,也的脫孛魯,PER
HCH_006_001_000106,百騎,NUM
HCH_006_001_000106,見軍,ORG
HCH_006_001_000106,山,LOC
HCH_006_001_000107,乃蠻,PER
HCH_006_001_000107,八,NUM
HCH_006_001_000107,二人,NUM
HCH_006_001_000108,汪罕,PER
HCH_006_001_000109,薩里河,LOC
HCH_006_001_000110,汪罕,PER
HCH_006_001_000110,土兀剌河,LOC
HCH_006_001_000110,汪罕,PER
HCH_006_001_000110,亦剌合,PER
HCH_006_001_000110,札阿紺孛,PER
HCH_006_001_000111,曲薛吾,PER
HCH_006_001_000112,亦剌合,PER
HCH_006_001_000112,汪罕,PER
HCH_006_001_000112,汪罕,PER
HCH_006_001_000112,亦剌合,PER
HCH_006_001_000112,卜魯忽䚟,PER
HCH_006_001_000112,且遣使,TITLE
HCH_006_001_000112,乃蠻,PER
HCH_006_001_000112,太子,TITLE
HCH_006_001_000112,四,NUM
HCH_006_001_000112,博爾朮,PER
HCH_006_001_000112,木華黎,PER
HCH_006_001_000112,博羅渾,PER
HCH_006_001_000112,赤老溫,PER
HCH_006_001_000112,四人,NUM
HCH_006_001_000113,亦剌合,PER
HCH_006_001_000113,曲薛吾,LOC
HCH_006_001_000113,卜魯忽䚟,PER
HCH_006_001_000114,亦剌合,PER
HCH_006_001_000115,四,NUM
HCH_006_001_000115,乃蠻,PER
HCH_006_001_000115,汪罕,PER
HCH_006_001_000116,哈撒兒,PER
HCH_006_001_000116,乃,PER
HCH_006_001_000116,忽闌盞側山,LOC
HCH_006_001_000118,泰赤烏,PER
HCH_006_001_000118,汪罕,PER
HCH_006_001_000118,薩里河,LOC
HCH_006_001_000118,泰赤烏,PER
HCH_006_001_000118,沆忽,PER
HCH_006_001_000118,斡難河,LOC
HCH_006_001_000119,哈答斤,PER
HCH_006_001_000119,兀,PER
HCH_006_001_000119,朵魯班,PER
HCH_006_001_000119,塔塔兒,PER
HCH_006_001_000119,弘吉剌,PER
HCH_006_001_000119,乃蠻,PER
HCH_006_001_000119,泰赤烏,PER
HCH_006_001_000119,阿雷泉,LOC
HCH_006_001_000119,汪罕,PER
HCH_006_001_000120,弘,LOC
HCH_006_001_000120,吉剌,PER
HCH_006_001_000120,迭夷,PER
HCH_006_001_000121,汪罕,PER
HCH_006_001_000121,虎圖澤,LOC
HCH_006_001_000121,盃亦烈川,LOC
HCH_006_001_000122,汪罕,PER
HCH_006_001_000122,怯,LOC
HCH_006_001_000122,綠憐河,LOC
HCH_006_001_000123,札阿紺孛,PER
HCH_006_001_000123,按敦阿述,PER
HCH_006_001_000123,燕火脫兒,PER
HCH_006_001_000123,按敦阿述,PER
HCH_006_001_000123,汪罕,PER
HCH_006_001_000123,燕火脫兒,PER
HCH_006_001_000123,燕火脫兒,PER
HCH_006_001_000123,夏,LOC
HCH_006_001_000123,道路,LOC
HCH_006_001_000125,汪罕,PER
HCH_006_001_000125,札阿紺孛,PER
HCH_006_001_000126,札阿紺孛,PER
HCH_006_001_000126,燕,LOC
HCH_006_001_000126,火脫兒,PER
HCH_006_001_000127,帝駐軍,ORG
HCH_006_001_000127,徹徹兒山,LOC
HCH_006_001_000127,塔塔兒,PER
HCH_006_001_000128,阿剌兀都兒,PER
HCH_006_001_000129,弘吉剌,PER
HCH_006_001_000129,哈撒兒,PER
HCH_006_001_000130,弘吉剌,PER
HCH_006_001_000130,札木合,PER
HCH_006_001_000130,朵魯班,PER
HCH_006_001_000130,亦乞剌思,PER
HCH_006_001_000130,哈答斤,PER
HCH_006_001_000130,火魯剌思,PER
HCH_006_001_000130,塔塔兒,PER
HCH_006_001_000130,散只兀,PER
HCH_006_001_000130,犍河,LOC
HCH_006_001_000130,札木合,PER
HCH_006_001_000130,局兒罕,PER
HCH_006_001_000130,禿律別兒河,LOC
HCH_006_001_000131,塔海哈,PER
HCH_006_001_000131,抄,PER
HCH_006_001_000131,兒,PER
HCH_006_001_000132,海剌兒,LOC
HCH_006_001_000132,帖尼火魯罕,LOC
HCH_006_001_000133,札木合,PER
HCH_006_001_000133,弘吉剌,PER
HCH_006_001_000134,壬戌,TME
HCH_006_001_000134,兀魯回失連真河,LOC
HCH_006_001_000134,按赤塔塔兒,PER
HCH_006_001_000134,察罕塔塔兒,PER
HCH_006_001_000134,二,NUM
HCH_006_001_000135,俟軍,ORG
HCH_006_001_000135,按彈,PER
HCH_006_001_000135,火察兒,PER
HCH_006_001_000135,答力台,ORG
HCH_006_001_000135,三人,NUM
HCH_006_001_000136,脫脫,PER
HCH_006_001_000136,八,NUM
HCH_006_001_000136,忽真隘,LOC
HCH_006_001_000137,乃,PER
HCH_006_001_000137,不,PER
HCH_006_001_000137,魯欲,PER
HCH_006_001_000137,欲魯,PER
HCH_006_001_000137,罕,PER
HCH_006_001_000137,朵魯班,PER
HCH_006_001_000137,塔塔兒,PER
HCH_006_001_000137,哈答斤,PER
HCH_006_001_000137,散只兀,PER
HCH_006_001_000138,四,NUM
HCH_006_001_000138,汪罕,PER
HCH_006_001_000139,亦剌合,PER
HCH_006_001_000139,山,LOC
HCH_006_001_000139,乃,PER
HCH_006_001_000139,蠻軍,ORG
HCH_006_001_000140,亦剌合,PER
HCH_006_001_000141,汪罕,PER
HCH_006_001_000141,阿,LOC
HCH_006_001_000141,蘭塞,PER
HCH_006_001_000141,闕奕壇,LOC
HCH_006_001_000141,乃蠻使,TITLE
HCH_006_001_000143,蠻軍,ORG
HCH_006_001_000144,乃蠻,PER
HCH_006_001_000145,札木合,PER
HCH_006_001_000145,乃,PER
HCH_006_001_000147,朮赤,PER
HCH_006_001_000147,汪罕,PER
HCH_006_001_000147,抄兒伯姬,PER
HCH_006_001_000147,汪罕,PER
HCH_006_001_000147,禿撒合,PER
HCH_006_001_000147,火阿真伯姬,PER
HCH_006_001_000149,汪罕,PER
HCH_006_001_000149,乃蠻,LOC
HCH_006_001_000150,札木合,PER
HCH_006_001_000150,汪罕,PER
HCH_006_001_000151,汪罕,PER
HCH_006_001_000152,札木合,PER
HCH_006_001_000152,亦剌合,PER
HCH_006_001_000152,太子,TITLE
HCH_006_001_000152,汪罕,PER
HCH_006_001_000152,乃蠻,PER
HCH_006_001_000152,亦剌合,PER
HCH_006_001_000153,答力台,ORG
HCH_006_001_000153,火察兒,PER
HCH_006_001_000153,按彈,PER
HCH_006_001_000153,亦剌合,PER
HCH_006_001_000153,宣懿,PER
HCH_006_001_000153,太后,TITLE
HCH_006_001_000153,亦剌合,PER
HCH_006_001_000153,遣使,TITLE
HCH_006_001_000153,汪罕,PER
HCH_006_001_000154,汪罕,PER
HCH_006_001_000154,札木合,PER
HCH_006_001_000154,亦剌合,PER
HCH_006_001_000154,四,NUM
HCH_006_001_000155,汪罕,PER
HCH_006_001_000155,太子,TITLE
HCH_006_001_000155,札木合,PER
HCH_006_001_000156,汪罕,PER
HCH_006_001_000156,乃遣使,TITLE
HCH_006_001_000156,布渾察兒,PER
HCH_006_001_000156,十騎,NUM
HCH_006_001_000157,一騎,NUM
HCH_006_001_000158,汪罕,PER
HCH_006_001_000159,乞,PER
HCH_006_001_000159,力失,PER
HCH_006_001_000159,失力,PER
HCH_006_001_000159,把帶,PER
HCH_006_001_000160,阿蘭塞,LOC
HCH_006_001_000160,折里麥,PER
HCH_006_001_000160,汪罕,PER
HCH_006_001_000161,朱力斤,PER
HCH_006_001_000161,董哀,PER
HCH_006_001_000161,火力失烈門,PER
HCH_006_001_000161,汪罕,PER
HCH_006_001_000162,亦剌合,PER
HCH_006_001_000163,怯里亦,PER
HCH_006_001_000163,汪罕,PER
HCH_006_001_000164,汪罕,PER
HCH_006_001_000164,董哥澤駐軍,ORG
HCH_006_001_000164,阿里海,PER
HCH_006_001_000164,汪罕,PER
HCH_006_001_000164,菊兒,PER
HCH_006_001_000164,罕,PER
HCH_006_001_000164,菊兒,PER
HCH_006_001_000164,罕,PER
HCH_006_001_000164,河西,LOC
HCH_006_001_000164,一,NUM
HCH_006_001_000164,乃蠻,PER
HCH_006_001_000164,日沒處,LOC
HCH_006_001_000164,札阿紺孛,PER
HCH_006_001_000164,金,LOC
HCH_006_001_000164,蔑里乞,PER
HCH_006_001_000164,薛徹別及,PER
HCH_006_001_000164,大丑,PER
HCH_006_001_000164,二,NUM
HCH_006_001_000164,哈丁,PER
HCH_006_001_000164,里,LOC
HCH_006_001_000164,半月,TME
HCH_006_001_000164,三,NUM
HCH_006_001_000164,蔑里乞,PER
HCH_006_001_000164,乃蠻,PER
HCH_006_001_000164,四,NUM
HCH_006_001_000164,四,NUM
HCH_006_001_000164,朵魯班,PER
HCH_006_001_000164,塔塔兒,PER
HCH_006_001_000164,哈答斤,PER
HCH_006_001_000164,散只兀,PER
HCH_006_001_000164,弘吉剌,PER
HCH_006_001_000164,五,NUM
HCH_006_001_000164,如海,LOC
HCH_006_001_000164,東,LOC
HCH_006_001_000164,五,NUM
HCH_006_001_000164,五,NUM
HCH_006_001_000164,汪罕,PER
HCH_006_001_000164,亦剌合,PER
HCH_006_001_000164,亦剌合,PER
HCH_006_001_000165,火察,PER
HCH_006_001_000165,汪罕,PER
HCH_006_001_000166,阿里海,PER
HCH_006_001_000166,汪罕,PER
HCH_006_001_000166,薛徹,PER
HCH_006_001_000166,太丑,PER
HCH_006_001_000166,二人,NUM
HCH_006_001_000166,八,NUM
HCH_006_001_000166,二人,NUM
HCH_006_001_000166,火察兒,PER
HCH_006_001_000166,聶坤,PER
HCH_006_001_000166,按彈,PER
HCH_006_001_000166,忽都剌,PER
HCH_006_001_000166,三河,LOC
HCH_006_001_000166,汪罕,PER
HCH_006_001_000166,汪罕,PER
HCH_006_001_000166,按彈,PER
HCH_006_001_000166,一,NUM
HCH_006_001_000167,帝既遣使,TITLE
HCH_006_001_000167,汪罕,PER
HCH_006_001_000167,弘吉,PER
HCH_006_001_000167,利,PER
HCH_006_001_000167,剌,PER
HCH_006_001_000167,兒斤,PER
HCH_006_001_000168,班朱尼河,LOC
HCH_006_001_000168,河水,LOC
HCH_006_001_000169,亦乞烈,PER
HCH_006_001_000169,孛徒,PER
HCH_006_001_000169,火魯剌,PER
HCH_006_001_000170,哈撒兒,PER
HCH_006_001_000170,哈剌渾山,LOC
HCH_006_001_000170,汪罕,PER
HCH_006_001_000170,脫虎,PER
HCH_006_001_000171,汪罕,PER
HCH_006_001_000172,飲河水,LOC
HCH_006_001_000172,飲渾水,LOC
HCH_006_001_000173,汪罕,PER
HCH_006_001_000173,哈闌真沙陀,LOC
HCH_006_001_000173,汪罕,PER
HCH_006_001_000174,按彈,PER
HCH_006_001_000174,火察兒,PER
HCH_006_001_000174,札木合,PER
HCH_006_001_000174,汪罕,PER
HCH_006_001_000175,答力台,ORG
HCH_006_001_000175,把憐,PER
HCH_006_001_000176,斡難河源,LOC
HCH_006_001_000176,汪罕,PER
HCH_006_001_000176,復遣二使,TITLE
HCH_006_001_000176,汪罕,PER
HCH_006_001_000176,哈撒兒,PER
HCH_006_001_000176,太子,TITLE
HCH_006_001_000176,汪罕,PER
HCH_006_001_000176,遣人隨二使,TITLE
HCH_006_001_000177,即以二使,TITLE
HCH_006_001_000177,令軍,ORG
HCH_006_001_000177,折折運都山,LOC
HCH_006_001_000177,汪罕,PER
HCH_006_001_000178,烈,PER
HCH_006_001_000179,汪罕,PER
HCH_006_001_000179,亦剌合,PER
HCH_006_001_000180,汪罕,PER
HCH_006_001_000180,汪罕,PER
HCH_006_001_000180,乃,PER
HCH_006_001_000181,亦剌哈,PER
HCH_006_001_000181,夏,LOC
HCH_006_001_000182,夏,LOC
HCH_006_001_000182,龜茲,LOC
HCH_006_001_000182,龜茲,LOC
HCH_006_001_000183,汪罕,PER
HCH_006_001_000183,帖麥該川,LOC
HCH_006_001_000184,乃,PER
HCH_006_001_000184,太陽罕,PER
HCH_006_001_000184,遣使,TITLE
HCH_006_001_000184,白達達,PER
HCH_006_001_000184,阿剌忽思,PER
HCH_006_001_000184,二,NUM
HCH_006_001_000184,二,NUM
HCH_006_001_000184,阿剌忽思,PER
HCH_006_001_000185,甲子,TME
HCH_006_001_000185,帖麥該川,LOC
HCH_006_001_000187,斡赤斤,PER
HCH_006_001_000187,別里古台,PER
HCH_006_001_000187,乃蠻,PER
HCH_006_001_000187,乃蠻,PER
HCH_006_001_000188,建忒該山,LOC
HCH_006_001_000188,虎必來,PER
HCH_006_001_000188,哲別,PER
HCH_006_001_000188,二人,NUM
HCH_006_001_000189,太陽罕,PER
HCH_006_001_000189,按臺,ORG
HCH_006_001_000189,沆海山,LOC
HCH_006_001_000189,蔑里乞,PER
HCH_006_001_000189,脫脫,PER
HCH_006_001_000189,烈,PER
HCH_006_001_000189,阿憐太石,PER
HCH_006_001_000189,猥剌,PER
HCH_006_001_000189,忽都花別吉,PER
HCH_006_001_000189,禿魯班,PER
HCH_006_001_000189,塔塔兒,PER
HCH_006_001_000189,哈答斤,PER
HCH_006_001_000189,散只兀,PER
HCH_006_001_000190,太陽罕,PER
HCH_006_001_000190,八,NUM
HCH_006_001_000190,不使,TITLE
HCH_006_001_000190,后妃來統軍,ORG
HCH_006_001_000190,太陽罕,PER
HCH_006_001_000191,撒兒主中軍,ORG
HCH_006_001_000192,札木合,PER
HCH_006_001_000192,太陽罕,LOC
HCH_006_001_000192,見帝軍,ORG
HCH_006_001_000192,乃蠻,PER
HCH_006_001_000192,視蒙古軍,ORG
HCH_006_001_000193,蠻軍,ORG
HCH_006_001_000193,太陽罕,PER
HCH_006_001_000194,諸部軍,ORG
HCH_006_001_000194,一,NUM
HCH_006_001_000196,朵魯班,PER
HCH_006_001_000196,塔塔兒,PER
HCH_006_001_000196,哈答斤,PER
HCH_006_001_000196,散只兀,PER
HCH_006_001_000196,四,NUM
HCH_006_001_000197,蔑里乞,PER
HCH_006_001_000198,脫脫,PER
HCH_006_001_000198,太陽,LOC
HCH_006_001_000198,罕,PER
HCH_006_001_000198,卜,PER
HCH_006_001_000198,魯欲,PER
HCH_006_001_000198,欲魯,PER
HCH_006_001_000198,罕,PER
HCH_006_001_000198,帶兒兀孫,PER
HCH_006_001_000199,泰寒寨,LOC
HCH_006_001_000199,孛羅歡,PER
HCH_006_001_000199,沈白,PER
HCH_006_001_000199,二人領右軍,ORG
HCH_006_001_000200,乙丑,TME
HCH_006_001_000200,夏,LOC
HCH_006_001_000200,力吉里寨,LOC
HCH_006_001_000200,落思城,LOC
HCH_006_001_000201,元年丙寅,TME
HCH_006_001_000201,九,NUM
HCH_006_001_000201,皇帝,TITLE
HCH_006_001_000201,斡難河,LOC
HCH_006_001_000202,成吉思皇帝,PER
HCH_006_001_000203,金,LOC
HCH_006_001_000203,六年,TME
HCH_006_001_000205,卜,PER
HCH_006_001_000205,魯欲,PER
HCH_006_001_000205,欲魯,PER
HCH_006_001_000205,罕,PER
HCH_006_001_000205,兀魯塔山,LOC
HCH_006_001_000206,太陽,LOC
HCH_006_001_000206,罕子屈出律罕,PER
HCH_006_001_000206,脫脫,PER
HCH_006_001_000206,也兒的石河,LOC
HCH_006_001_000207,金,LOC
HCH_006_001_000208,金,LOC
HCH_006_001_000208,咸補海罕,PER
HCH_006_001_000209,金,LOC
HCH_006_001_000209,金,LOC
HCH_006_001_000209,璟,PER
HCH_006_001_000210,二年丁卯,TME
HCH_006_001_000210,夏,LOC
HCH_006_001_000210,斡羅孩,LOC
HCH_006_001_000211,按彈,PER
HCH_006_001_000211,兀剌二人使,TITLE
HCH_006_001_000211,乞力吉思,PER
HCH_006_001_000212,野牒亦納里,PER
HCH_006_001_000212,阿里替也兒,PER
HCH_006_001_000212,皆遣使,TITLE
HCH_006_001_000213,三年戊辰,TME
HCH_006_001_000213,夏,LOC
HCH_006_001_000214,庭,LOC
HCH_006_001_000215,脫脫,PER
HCH_006_001_000215,屈出律罕,PER
HCH_006_001_000216,斡亦剌,PER
HCH_006_001_000217,也兒的石河,LOC
HCH_006_001_000217,蔑,LOC
HCH_006_001_000217,里,PER
HCH_006_001_000217,乞,LOC
HCH_006_001_000218,脫脫,PER
HCH_006_001_000219,屈出律,PER
HCH_006_001_000220,四年己巳,TME
HCH_006_001_000221,河西,LOC
HCH_006_001_000222,夏,LOC
HCH_006_001_000222,李安全,PER
HCH_006_001_000222,元帥,TITLE
HCH_006_001_000222,高令公,PER
HCH_006_001_000223,兀剌海,LOC
HCH_006_001_000223,太傅,TITLE
HCH_006_001_000223,西壁,PER
HCH_006_001_000224,夷門,LOC
HCH_006_001_000224,夏,LOC
HCH_006_001_000224,嵬名令公,PER
HCH_006_001_000225,中興,LOC
HCH_006_001_000225,引河水,LOC
HCH_006_001_000227,太傅,TITLE
HCH_006_001_000227,訛答,PER
HCH_006_001_000227,中興,LOC
HCH_006_001_000227,夏,LOC
HCH_006_001_000227,夏,LOC
HCH_006_001_000228,五年庚午,TME
HCH_006_001_000228,金,LOC
HCH_006_001_000228,烏沙,LOC
HCH_006_001_000230,金,LOC
HCH_006_001_000230,金主使,TITLE
HCH_006_001_000230,衞,LOC
HCH_006_001_000230,允濟,PER
HCH_006_001_000230,靜,LOC
HCH_006_001_000230,淨,LOC
HCH_006_001_000231,允濟,PER
HCH_006_001_000232,允濟,PER
HCH_006_001_000233,金,LOC
HCH_006_001_000233,璟,PER
HCH_006_001_000233,允濟,PER
HCH_006_001_000234,帝問金使,TITLE
HCH_006_001_000234,金使,TITLE
HCH_006_001_000234,衞,LOC
HCH_006_001_000234,中原,LOC
HCH_006_001_000234,皇帝,TITLE
HCH_006_001_000235,金使,TITLE
HCH_006_001_000235,允濟,PER
HCH_006_001_000236,金,LOC
HCH_006_001_000237,六年辛未,TME
HCH_006_001_000237,怯綠連河,LOC
HCH_006_001_000238,西域,LOC
HCH_006_001_000238,哈剌魯,PER
HCH_006_001_000238,阿昔蘭罕,PER
HCH_006_001_000239,亦,PER
HCH_006_001_000239,都護,TITLE
HCH_006_001_000240,二月,TME
HCH_006_001_000240,金,LOC
HCH_006_001_000240,薛,LOC
HCH_006_001_000240,野狐嶺,LOC
HCH_006_001_000240,大水濼,LOC
HCH_006_001_000240,豐利,LOC
HCH_006_001_000241,金,LOC
HCH_006_001_000241,烏沙,LOC
HCH_006_001_000242,秋七月,TME
HCH_006_001_000242,遮,PER
HCH_006_001_000242,烏沙堡,LOC
HCH_006_001_000242,烏月營,LOC
HCH_006_001_000243,八月,TME
HCH_006_001_000243,金,LOC
HCH_006_001_000243,宣平,LOC
HCH_006_001_000243,河川,LOC
HCH_006_001_000244,九月,TME
HCH_006_001_000244,德興,LOC
HCH_006_001_000244,居庸,LOC
HCH_006_001_000245,中都,LOC
HCH_006_001_000246,冬十月,TME
HCH_006_001_000246,襲金群牧監,ORG
HCH_006_001_000247,耶律阿海,PER
HCH_006_001_000248,朮赤,PER
HCH_006_001_000248,察合台,PER
HCH_006_001_000248,窩闊台,PER
HCH_006_001_000248,雲內,LOC
HCH_006_001_000248,東勝,LOC
HCH_006_001_000248,朔,LOC
HCH_006_001_000249,金,LOC
HCH_006_001_000250,劉伯林,PER
HCH_006_001_000250,夾谷,LOC
HCH_006_001_000250,長哥,PER
HCH_006_001_000251,七年壬申春正月,TME
HCH_006_001_000251,耶律留哥,PER
HCH_006_001_000251,隆安,LOC
HCH_006_001_000251,都元帥,TITLE
HCH_006_001_000251,遣使,TITLE
HCH_006_001_000252,昌,LOC
HCH_006_001_000252,桓,LOC
HCH_006_001_000252,撫,LOC
HCH_006_001_000253,金,LOC
HCH_006_001_000253,九,NUM
HCH_006_001_000253,三十萬,NUM
HCH_006_001_000253,獾兒觜,LOC
HCH_006_001_000254,西京,LOC
HCH_006_001_000255,元帥,TITLE
HCH_006_001_000255,奧屯襄,PER
HCH_006_001_000255,密谷口,LOC
HCH_006_001_000256,西京,LOC
HCH_006_001_000257,九月,TME
HCH_006_001_000257,察罕,PER
HCH_006_001_000257,奉聖,LOC
HCH_006_001_000258,冬十二月甲申,TME
HCH_006_001_000258,東京,LOC
HCH_006_001_000259,八年癸酉,TME
HCH_006_001_000259,耶律留哥,PER
HCH_006_001_000259,遼,LOC
HCH_006_001_000260,秋七月,TME
HCH_006_001_000260,宣德,LOC
HCH_006_001_000260,德興,LOC
HCH_006_001_000261,拖雷,PER
HCH_006_001_000261,駙馬,TITLE
HCH_006_001_000261,赤駒,PER
HCH_006_001_000262,懷來,LOC
HCH_006_001_000263,金行省,ORG
HCH_006_001_000263,完顏綱,PER
HCH_006_001_000263,元帥,TITLE
HCH_006_001_000263,高琪,PER
HCH_006_001_000263,北口,LOC
HCH_006_001_000264,金,LOC
HCH_006_001_000264,居庸,LOC
HCH_006_001_000264,可忒,PER
HCH_006_001_000264,薄剎,PER
HCH_006_001_000265,涿鹿,LOC
HCH_006_001_000266,金西京,LOC
HCH_006_001_000266,忽沙虎,PER
HCH_006_001_000267,紫荊關,LOC
HCH_006_001_000267,金,LOC
HCH_006_001_000267,五回嶺,LOC
HCH_006_001_000267,涿,LOC
HCH_006_001_000267,易,LOC
HCH_006_001_000268,訛魯不兒,PER
HCH_006_001_000268,遮別,PER
HCH_006_001_000268,居庸,LOC
HCH_006_001_000268,可忒,PER
HCH_006_001_000268,薄剎會,PER
HCH_006_001_000269,八月,TME
HCH_006_001_000269,金,LOC
HCH_006_001_000269,忽沙虎,PER
HCH_006_001_000269,允濟,PER
HCH_006_001_000269,豐,LOC
HCH_006_001_000269,珣,PER
HCH_006_001_000270,三,NUM
HCH_006_001_000270,朮赤,PER
HCH_006_001_000270,察合台,PER
HCH_006_001_000270,窩闊台,PER
HCH_006_001_000270,右軍,ORG
HCH_006_001_000270,太行,LOC
HCH_006_001_000270,保,LOC
HCH_006_001_000270,安肅,LOC
HCH_006_001_000270,安定,LOC
HCH_006_001_000270,邢,LOC
HCH_006_001_000270,洺,LOC
HCH_006_001_000270,磁,LOC
HCH_006_001_000270,相,LOC
HCH_006_001_000270,衞,LOC
HCH_006_001_000270,輝,LOC
HCH_006_001_000270,懷,LOC
HCH_006_001_000270,孟,LOC
HCH_006_001_000270,澤,LOC
HCH_006_001_000270,潞,LOC
HCH_006_001_000270,遼,LOC
HCH_006_001_000270,沁,LOC
HCH_006_001_000270,平陽,LOC
HCH_006_001_000270,太原,LOC
HCH_006_001_000270,吉,LOC
HCH_006_001_000270,隰,LOC
HCH_006_001_000270,汾,LOC
HCH_006_001_000270,石,LOC
HCH_006_001_000270,嵐,LOC
HCH_006_001_000270,忻,LOC
HCH_006_001_000270,代,LOC
HCH_006_001_000270,武等州,LOC
HCH_006_001_000270,哈撒兒,PER
HCH_006_001_000270,斡陳那顏,PER
HCH_006_001_000270,拙赤䚟,PER
HCH_006_001_000270,薄剎,PER
HCH_006_001_000270,左軍,ORG
HCH_006_001_000270,遵海,LOC
HCH_006_001_000270,薊,LOC
HCH_006_001_000270,平,LOC
HCH_006_001_000270,灤,LOC
HCH_006_001_000270,遼西,LOC
HCH_006_001_000270,拖雷,PER
HCH_006_001_000270,中軍,ORG
HCH_006_001_000270,雄,LOC
HCH_006_001_000270,霸,LOC
HCH_006_001_000270,莫,LOC
HCH_006_001_000270,安,LOC
HCH_006_001_000270,河間,LOC
HCH_006_001_000270,滄,LOC
HCH_006_001_000270,景,LOC
HCH_006_001_000270,獻,LOC
HCH_006_001_000270,深,LOC
HCH_006_001_000270,祁,LOC
HCH_006_001_000270,蠡,LOC
HCH_006_001_000270,冀,LOC
HCH_006_001_000270,恩,LOC
HCH_006_001_000270,濮,LOC
HCH_006_001_000270,開,LOC
HCH_006_001_000270,滑,LOC
HCH_006_001_000270,博,LOC
HCH_006_001_000270,濟,LOC
HCH_006_001_000270,泰安,LOC
HCH_006_001_000270,濟南,LOC
HCH_006_001_000270,濱,LOC
HCH_006_001_000270,棣,LOC
HCH_006_001_000270,益都,LOC
HCH_006_001_000270,淄,LOC
HCH_006_001_000270,濰,LOC
HCH_006_001_000270,登,LOC
HCH_006_001_000270,萊,LOC
HCH_006_001_000270,沂,LOC
HCH_006_001_000271,木華黎,PER
HCH_006_001_000271,密,LOC
HCH_006_001_000272,史天倪,PER
HCH_006_001_000272,蕭勃迭,PER
HCH_006_001_000272,木華黎,PER
HCH_006_001_000272,萬,NUM
HCH_006_001_000273,中都,LOC
HCH_006_001_000273,三,NUM
HCH_006_001_000273,大口,LOC
HCH_006_001_000274,河北,LOC
HCH_006_001_000274,中都,LOC
HCH_006_001_000274,通,LOC
HCH_006_001_000274,順,LOC
HCH_006_001_000274,真定,LOC
HCH_006_001_000274,清,LOC
HCH_006_001_000274,沃,LOC
HCH_006_001_000274,大名,LOC
HCH_006_001_000274,東平,LOC
HCH_006_001_000274,德,LOC
HCH_006_001_000274,邳,LOC
HCH_006_001_000274,海,LOC
HCH_006_001_000274,十一城,LOC
HCH_006_001_000275,九年甲戌春三月,TME
HCH_006_001_000275,中都,LOC
HCH_006_001_000276,燕,LOC
HCH_006_001_000277,乃遣使,TITLE
HCH_006_001_000277,金,LOC
HCH_006_001_000277,山東,LOC
HCH_006_001_000277,河北,LOC
HCH_006_001_000277,燕,LOC
HCH_006_001_000277,金主遂遣使,TITLE
HCH_006_001_000277,奉衞,ORG
HCH_006_001_000277,紹,PER
HCH_006_001_000277,岐,LOC
HCH_006_001_000277,國公,TITLE
HCH_006_001_000277,五百,NUM
HCH_006_001_000277,三千,NUM
HCH_006_001_000277,丞相,TITLE
HCH_006_001_000277,完顏福興,PER
HCH_006_001_000277,居庸,LOC
HCH_006_001_000278,夏五月,TME
HCH_006_001_000278,金,LOC
HCH_006_001_000278,汴,LOC
HCH_006_001_000278,完顏福興,PER
HCH_006_001_000278,抹撚盡忠,PER
HCH_006_001_000278,太子,TITLE
HCH_006_001_000278,守忠,PER
HCH_006_001_000278,中都,LOC
HCH_006_001_000279,六月,TME
HCH_006_001_000279,金乣軍,ORG
HCH_006_001_000279,斫答,PER
HCH_006_001_000280,三,NUM
HCH_006_001_000280,石抹明安,PER
HCH_006_001_000280,斫答,PER
HCH_006_001_000280,中都,LOC
HCH_006_001_000281,兒濼,LOC
HCH_006_001_000282,秋七月,TME
HCH_006_001_000282,金,LOC
HCH_006_001_000282,太子,TITLE
HCH_006_001_000282,守忠,PER
HCH_006_001_000282,汴,LOC
HCH_006_001_000283,冬十月,TME
HCH_006_001_000283,木華黎,PER
HCH_006_001_000283,遼東,LOC
HCH_006_001_000283,高,LOC
HCH_006_001_000283,盧琮,PER
HCH_006_001_000283,金,PER
HCH_006_001_000283,扑,PER
HCH_006_001_000283,朴,PER
HCH_006_001_000284,錦,LOC
HCH_006_001_000284,張鯨,PER
HCH_006_001_000284,節度使,TITLE
HCH_006_001_000284,臨海,LOC
HCH_006_001_000284,遣使,TITLE
HCH_006_001_000285,十年乙亥春正月,TME
HCH_006_001_000285,金,LOC
HCH_006_001_000285,元帥,TITLE
HCH_006_001_000285,七,NUM
HCH_006_001_000285,通,LOC
HCH_006_001_000285,七,NUM
HCH_006_001_000285,元帥,TITLE
HCH_006_001_000286,二月,TME
HCH_006_001_000286,木華黎,PER
HCH_006_001_000286,北京,LOC
HCH_006_001_000286,金,LOC
HCH_006_001_000286,元帥,TITLE
HCH_006_001_000286,寅答虎,PER
HCH_006_001_000286,烏古倫,PER
HCH_006_001_000286,寅答虎,PER
HCH_006_001_000286,吾也,PER
HCH_006_001_000286,都元帥,TITLE
HCH_006_001_000287,興中,LOC
HCH_006_001_000287,元帥,TITLE
HCH_006_001_000287,石天應,PER
HCH_006_001_000287,天應,PER
HCH_006_001_000287,興中,LOC
HCH_006_001_000288,三月,TME
HCH_006_001_000288,金,LOC
HCH_006_001_000288,御史,TITLE
HCH_006_001_000288,李英,PER
HCH_006_001_000288,中都,LOC
HCH_006_001_000288,霸,LOC
HCH_006_001_000289,夏四月,TME
HCH_006_001_000289,清,LOC
HCH_006_001_000289,順,LOC
HCH_006_001_000290,張鯨,PER
HCH_006_001_000290,北京,LOC
HCH_006_001_000290,十,NUM
HCH_006_001_000291,鯨,PER
HCH_006_001_000292,鯨,PER
HCH_006_001_000292,致,PER
HCH_006_001_000292,錦,LOC
HCH_006_001_000292,漢,LOC
HCH_006_001_000292,皇帝,TITLE
HCH_006_001_000293,五月庚申,TME
HCH_006_001_000293,金中都,LOC
HCH_006_001_000293,完顏福興,PER
HCH_006_001_000293,抹撚盡忠,PER
HCH_006_001_000293,明安,PER
HCH_006_001_000294,桓,LOC
HCH_006_001_000294,涼涇,LOC
HCH_006_001_000295,忽都忽,PER
HCH_006_001_000295,中都,LOC
HCH_006_001_000296,秋七月,TME
HCH_006_001_000296,紅羅山,LOC
HCH_006_001_000296,杜秀,PER
HCH_006_001_000296,秀,PER
HCH_006_001_000296,錦,LOC
HCH_006_001_000296,節度使,TITLE
HCH_006_001_000297,乙職里,PER
HCH_006_001_000297,金,LOC
HCH_006_001_000297,河北,LOC
HCH_006_001_000297,山東,LOC
HCH_006_001_000297,未下諸城,LOC
HCH_006_001_000297,河南,LOC
HCH_006_001_000299,史天倪,PER
HCH_006_001_000299,都元帥,TITLE
HCH_006_001_000300,八月,TME
HCH_006_001_000300,天倪,PER
HCH_006_001_000300,平,LOC
HCH_006_001_000300,金經略使,TITLE
HCH_006_001_000300,乞住,PER
HCH_006_001_000301,木華黎,PER
HCH_006_001_000301,史進道,PER
HCH_006_001_000301,廣寧,LOC
HCH_006_001_000302,八百六十,NUM
HCH_006_001_000302,二,NUM
HCH_006_001_000303,冬十月,TME
HCH_006_001_000303,金,LOC
HCH_006_001_000303,萬,NUM
HCH_006_001_000303,遼東,LOC
HCH_006_001_000304,十一月,TME
HCH_006_001_000304,耶律留哥,PER
HCH_006_001_000304,斜闍,PER
HCH_006_001_000305,史天祥,PER
HCH_006_001_000305,興,LOC
HCH_006_001_000305,節度使,TITLE
HCH_006_001_000305,趙守玉,PER
HCH_006_001_000306,十一年丙子,TME
HCH_006_001_000306,廬朐河,LOC
HCH_006_001_000307,張致,PER
HCH_006_001_000307,興中,LOC
HCH_006_001_000307,木華黎,PER
HCH_006_001_000308,三,NUM
HCH_006_001_000308,西夏,LOC
HCH_006_001_000308,關中,LOC
HCH_006_001_000308,潼關,LOC
HCH_006_001_000308,獲金西安軍,ORG
HCH_006_001_000308,節度使,TITLE
HCH_006_001_000308,尼龐古蒲魯虎,PER
HCH_006_001_000308,汝,LOC
HCH_006_001_000308,汴京,LOC
HCH_006_001_000309,冬十月,TME
HCH_006_001_000309,蒲,PER
HCH_006_001_000309,萬,NUM
HCH_006_001_000309,帖哥,PER
HCH_006_001_000310,夏,LOC
HCH_006_001_000311,十二年丁丑,TME
HCH_006_001_000311,夏,LOC
HCH_006_001_000311,祁和尚,PER
HCH_006_001_000311,武平,LOC
HCH_006_001_000311,史天祥,PER
HCH_006_001_000311,金,LOC
HCH_006_001_000311,元帥,TITLE
HCH_006_001_000312,察罕,PER
HCH_006_001_000312,金,LOC
HCH_006_001_000312,夾谷,LOC
HCH_006_001_000312,霸,LOC
HCH_006_001_000312,金,LOC
HCH_006_001_000312,察罕,PER
HCH_006_001_000313,秋八月,TME
HCH_006_001_000313,木華黎,PER
HCH_006_001_000313,太師,TITLE
HCH_006_001_000313,漢諸軍,ORG
HCH_006_001_000313,城,LOC
HCH_006_001_000313,蠡,LOC
HCH_006_001_000314,大名,LOC
HCH_006_001_000314,益都,LOC
HCH_006_001_000314,淄,LOC
HCH_006_001_000314,登,LOC
HCH_006_001_000314,萊,LOC
HCH_006_001_000314,濰,LOC
HCH_006_001_000314,密,LOC
HCH_006_001_000315,禿滿,PER
HCH_006_001_000315,鉢魯完,PER
HCH_006_001_000315,朵魯伯,PER
HCH_006_001_000316,十三年戊寅秋八月,TME
HCH_006_001_000316,紫荊口,LOC
HCH_006_001_000316,金,LOC
HCH_006_001_000316,元帥,TITLE
HCH_006_001_000316,張柔,PER
HCH_006_001_000317,木華黎,PER
HCH_006_001_000317,西京,LOC
HCH_006_001_000317,河東,LOC
HCH_006_001_000317,太原,LOC
HCH_006_001_000317,平陽,LOC
HCH_006_001_000317,忻,LOC
HCH_006_001_000317,代,LOC
HCH_006_001_000317,澤,LOC
HCH_006_001_000317,潞,LOC
HCH_006_001_000317,汾,LOC
HCH_006_001_000317,霍,LOC
HCH_006_001_000318,金,LOC
HCH_006_001_000318,武仙,PER
HCH_006_001_000318,滿,LOC
HCH_006_001_000318,張柔,PER
HCH_006_001_000319,夏,LOC
HCH_006_001_000319,王城,LOC
HCH_006_001_000319,夏,LOC
HCH_006_001_000319,李遵頊,PER
HCH_006_001_000319,西涼,LOC
HCH_006_001_000320,六,NUM
HCH_006_001_000320,哥,PER
HCH_006_001_000320,高麗江東,LOC
HCH_006_001_000320,哈真,PER
HCH_006_001_000320,札剌,PER
HCH_006_001_000320,高麗,LOC
HCH_006_001_000320,㬚,PER
HCH_006_001_000321,十四年己卯,TME
HCH_006_001_000321,張柔,PER
HCH_006_001_000321,武仙,LOC
HCH_006_001_000321,祁陽,LOC
HCH_006_001_000321,曲陽,LOC
HCH_006_001_000321,中山,LOC
HCH_006_001_000322,夏六月,TME
HCH_006_001_000322,西域殺使,TITLE
HCH_006_001_000322,訛答剌城,LOC
HCH_006_001_000322,哈只兒只蘭禿,PER
HCH_006_001_000323,木華黎,PER
HCH_006_001_000323,岢,LOC
HCH_006_001_000323,嵐,LOC
HCH_006_001_000323,吉,LOC
HCH_006_001_000323,隰,LOC
HCH_006_001_000323,絳,LOC
HCH_006_001_000324,十五年庚辰春三月,TME
HCH_006_001_000324,蒲華,LOC
HCH_006_001_000325,夏五月,TME
HCH_006_001_000325,尋思干城,LOC
HCH_006_001_000325,石,LOC
HCH_006_001_000325,兒,LOC
HCH_006_001_000325,的石河,LOC
HCH_006_001_000326,斡脫羅兒城,LOC
HCH_006_001_000327,木華黎,PER
HCH_006_001_000327,真定,LOC
HCH_006_001_000327,武仙,PER
HCH_006_001_000328,史天倪,PER
HCH_006_001_000328,河北,LOC
HCH_006_001_000328,都元帥,TITLE
HCH_006_001_000328,行府,LOC
HCH_006_001_000328,仙,PER
HCH_006_001_000329,東平,LOC
HCH_006_001_000329,嚴實,PER
HCH_006_001_000329,彰德,LOC
HCH_006_001_000329,大名,LOC
HCH_006_001_000329,磁,LOC
HCH_006_001_000329,洺,LOC
HCH_006_001_000329,恩,LOC
HCH_006_001_000329,博,LOC
HCH_006_001_000329,滑,LOC
HCH_006_001_000329,濬,LOC
HCH_006_001_000329,三十萬,NUM
HCH_006_001_000329,木華黎,PER
HCH_006_001_000329,實,PER
HCH_006_001_000329,尚書,TITLE
HCH_006_001_000330,金邢,LOC
HCH_006_001_000330,節度使,TITLE
HCH_006_001_000330,武貴,PER
HCH_006_001_000331,木華黎,PER
HCH_006_001_000331,東平,LOC
HCH_006_001_000331,嚴實,PER
HCH_006_001_000331,洺,LOC
HCH_006_001_000331,河北,LOC
HCH_006_001_000332,董俊龍虎衞,ORG
HCH_006_001_000332,將軍,TITLE
HCH_006_001_000332,都元帥,TITLE
HCH_006_001_000333,十六年辛巳,TME
HCH_006_001_000333,卜哈兒,LOC
HCH_006_001_000333,薛迷思干,LOC
HCH_006_001_000333,朮赤,PER
HCH_006_001_000333,養吉干,LOC
HCH_006_001_000333,八,NUM
HCH_006_001_000333,兒真等城,LOC
HCH_006_001_000334,夏四月,TME
HCH_006_001_000334,鐵門關,LOC
HCH_006_001_000334,金,LOC
HCH_006_001_000334,烏古孫仲端,PER
HCH_006_001_000336,金東平行省,ORG
HCH_006_001_000336,忙古,PER
HCH_006_001_000336,嚴實,PER
HCH_006_001_000337,宋,LOC
HCH_006_001_000337,苟夢玉,PER
HCH_006_001_000338,夏六月,TME
HCH_006_001_000338,宋,LOC
HCH_006_001_000338,連,LOC
HCH_006_001_000338,漣,LOC
HCH_006_001_000338,水,LOC
HCH_006_001_000338,石珪,PER
HCH_006_001_000338,珪,PER
HCH_006_001_000338,濟,LOC
HCH_006_001_000338,兖,LOC
HCH_006_001_000338,單,LOC
HCH_006_001_000339,班勒紇,LOC
HCH_006_001_000339,朮赤,PER
HCH_006_001_000339,察合台,PER
HCH_006_001_000339,窩闊台,PER
HCH_006_001_000339,玉龍傑赤,LOC
HCH_006_001_000340,冬十月,TME
HCH_006_001_000340,拖雷,PER
HCH_006_001_000340,馬魯察葉可,LOC
HCH_006_001_000340,馬魯,LOC
HCH_006_001_000340,昔剌思,LOC
HCH_006_001_000341,木華黎,PER
HCH_006_001_000341,河西,LOC
HCH_006_001_000341,葭,LOC
HCH_006_001_000341,綏德,LOC
HCH_006_001_000341,保安,LOC
HCH_006_001_000341,鄜,LOC
HCH_006_001_000341,坊,LOC
HCH_006_001_000341,丹,LOC
HCH_006_001_000341,延安,LOC
HCH_006_001_000342,十一月,TME
HCH_006_001_000342,宋京東,LOC
HCH_006_001_000342,安撫使,TITLE
HCH_006_001_000342,張琳,PER
HCH_006_001_000342,東,LOC
HCH_006_001_000342,琳,PER
HCH_006_001_000342,滄,LOC
HCH_006_001_000342,景,LOC
HCH_006_001_000342,濱,LOC
HCH_006_001_000342,棣,LOC
HCH_006_001_000342,都元帥,TITLE
HCH_006_001_000343,德順,LOC
HCH_006_001_000344,十七年壬午,TME
HCH_006_001_000344,拖雷,PER
HCH_006_001_000344,徒思,LOC
HCH_006_001_000344,察兀兒,LOC
HCH_006_001_000346,搠搠闌河,LOC
HCH_006_001_000346,也里,LOC
HCH_006_001_000347,塔里寒,LOC
HCH_006_001_000348,木華黎,PER
HCH_006_001_000348,乾,LOC
HCH_006_001_000348,涇,LOC
HCH_006_001_000348,邠,LOC
HCH_006_001_000348,原,LOC
HCH_006_001_000348,鳳翔,LOC
HCH_006_001_000349,塔里寒寨,LOC
HCH_006_001_000350,西域,LOC
HCH_006_001_000350,札闌丁,PER
HCH_006_001_000350,滅里,PER
HCH_006_001_000350,可汗,TITLE
HCH_006_001_000350,忽都忽,PER
HCH_006_001_000351,滅里,PER
HCH_006_001_000351,可汗,TITLE
HCH_006_001_000351,札闌丁,PER
HCH_006_001_000351,八,NUM
HCH_006_001_000352,金,LOC
HCH_006_001_000352,烏古孫仲端,PER
HCH_006_001_000353,河朔,LOC
HCH_006_001_000353,河南,LOC
HCH_006_001_000353,木華黎,PER
HCH_006_001_000353,仲端,PER
HCH_006_001_000353,河朔,LOC
HCH_006_001_000353,關西,LOC
HCH_006_001_000353,河南,LOC
HCH_006_001_000353,仲端,PER
HCH_006_001_000354,金平陽,LOC
HCH_006_001_000354,胡天,PER
HCH_006_001_000354,祚,PER
HCH_006_001_000354,作,PER
HCH_006_001_000354,青龍堡,LOC
HCH_006_001_000355,冬十月,TME
HCH_006_001_000355,金河中,LOC
HCH_006_001_000355,石天應,PER
HCH_006_001_000355,都元帥,TITLE
HCH_006_001_000356,十八年癸未春三月,TME
HCH_006_001_000356,太師,TITLE
HCH_006_001_000356,木華黎,PER
HCH_006_001_000357,夏,LOC
HCH_006_001_000357,八魯彎川,LOC
HCH_006_001_000358,朮赤,PER
HCH_006_001_000358,察合台,PER
HCH_006_001_000358,窩闊台,PER
HCH_006_001_000358,八,NUM
HCH_006_001_000358,西域,LOC
HCH_006_001_000358,達魯花赤監,ORG
HCH_006_001_000359,冬十月,TME
HCH_006_001_000359,金,LOC
HCH_006_001_000359,珣,PER
HCH_006_001_000359,守緒,PER
HCH_006_001_000360,宋,LOC
HCH_006_001_000360,苟夢玉,PER
HCH_006_001_000361,十九年甲申,TME
HCH_006_001_000361,夏,LOC
HCH_006_001_000361,宋,LOC
HCH_006_001_000361,名,LOC
HCH_006_001_000361,彭義斌,PER
HCH_006_001_000361,河北,LOC
HCH_006_001_000362,史天倪,PER
HCH_006_001_000362,恩,LOC
HCH_006_001_000364,二十年乙酉春正月,TME
HCH_006_001_000365,二月,TME
HCH_006_001_000365,武仙,PER
HCH_006_001_000365,真定,LOC
HCH_006_001_000365,史天倪,PER
HCH_006_001_000366,董俊,PER
HCH_006_001_000366,李全,PER
HCH_006_001_000366,中山,LOC
HCH_006_001_000367,三月,TME
HCH_006_001_000367,史天澤,PER
HCH_006_001_000367,仙,PER
HCH_006_001_000367,真定,LOC
HCH_006_001_000368,夏六月,TME
HCH_006_001_000368,彭義斌,PER
HCH_006_001_000368,仙,PER
HCH_006_001_000368,天澤,PER
HCH_006_001_000368,贊皇,LOC
HCH_006_001_000369,二十一年,TME
HCH_006_001_000369,丙戌,TME
HCH_006_001_000369,春正月,TME
HCH_006_001_000369,夏,LOC
HCH_006_001_000369,赤,PER
HCH_006_001_000369,亦,PER
HCH_006_001_000369,臘喝翔昆,PER
HCH_006_001_000370,二月,TME
HCH_006_001_000370,黑水,LOC
HCH_006_001_000371,渾垂山,LOC
HCH_006_001_000372,甘,LOC
HCH_006_001_000372,肅,LOC
HCH_006_001_000373,西涼,LOC
HCH_006_001_000373,搠羅,LOC
HCH_006_001_000373,河羅,LOC
HCH_006_001_000373,沙陀,LOC
HCH_006_001_000373,黃河九渡,LOC
HCH_006_001_000373,應里,LOC
HCH_006_001_000374,九月,TME
HCH_006_001_000374,李全,PER
HCH_006_001_000374,張琳,PER
HCH_006_001_000374,郡王,TITLE
HCH_006_001_000374,帶孫,PER
HCH_006_001_000374,全,PER
HCH_006_001_000374,益都,LOC
HCH_006_001_000375,冬十一月庚申,TME
HCH_006_001_000375,靈,LOC
HCH_006_001_000375,夏,LOC
HCH_006_001_000375,嵬名令公,PER
HCH_006_001_000376,丙寅,TME
HCH_006_001_000376,帝渡,LOC
HCH_006_001_000376,夏,LOC
HCH_006_001_000377,丁丑,TME
HCH_006_001_000377,五,NUM
HCH_006_001_000378,鹽,LOC
HCH_006_001_000379,十二月,TME
HCH_006_001_000379,李全,PER
HCH_006_001_000380,授張柔行軍,ORG
HCH_006_001_000380,千,NUM
HCH_006_001_000380,保,LOC
HCH_006_001_000380,都元帥,TITLE
HCH_006_001_000381,窩闊台,PER
HCH_006_001_000381,察罕,PER
HCH_006_001_000381,金南京,LOC
HCH_006_001_000382,唐慶,PER
HCH_006_001_000382,金,LOC
HCH_006_001_000383,二十二年丁亥,TME
HCH_006_001_000383,夏,LOC
HCH_006_001_000383,師渡,LOC
HCH_006_001_000383,積石,LOC
HCH_006_001_000384,二月,TME
HCH_006_001_000384,臨洮,LOC
HCH_006_001_000385,三月,TME
HCH_006_001_000385,洮,LOC
HCH_006_001_000385,河,LOC
HCH_006_001_000385,西寧,LOC
HCH_006_001_000386,斡陳那顏,PER
HCH_006_001_000386,信都,LOC
HCH_006_001_000387,夏四月,TME
HCH_006_001_000387,龍德,LOC
HCH_006_001_000387,德順,LOC
HCH_006_001_000387,德順,LOC
HCH_006_001_000387,節度使,TITLE
HCH_006_001_000387,愛申,PER
HCH_006_001_000387,馬肩龍,PER
HCH_006_001_000388,五月,TME
HCH_006_001_000388,遣唐慶等使,TITLE
HCH_006_001_000388,金,LOC
HCH_006_001_000389,六盤山,LOC
HCH_006_001_000390,六月,TME
HCH_006_001_000390,金,LOC
HCH_006_001_000390,完顏合周,PER
HCH_006_001_000390,奧屯阿虎,PER
HCH_006_001_000391,五,NUM
HCH_006_001_000391,夏,LOC
HCH_006_001_000391,李晛,PER
HCH_006_001_000392,清水,LOC
HCH_006_001_000392,西江,LOC
HCH_006_001_000393,秋七月壬午,TME
HCH_006_001_000394,己丑,TME
HCH_006_001_000394,薩里川哈老,LOC
HCH_006_001_000395,金,LOC
HCH_006_001_000395,潼關,LOC
HCH_006_001_000395,南據連山,LOC
HCH_006_001_000395,北限大河,LOC
HCH_006_001_000395,宋,LOC
HCH_006_001_000395,宋,LOC
HCH_006_001_000395,金,LOC
HCH_006_001_000395,唐,LOC
HCH_006_001_000395,鄧,LOC
HCH_006_001_000395,大梁,LOC
HCH_006_001_000395,金,LOC
HCH_006_001_000395,潼關,LOC
HCH_006_001_000395,萬之眾,NUM
HCH_006_001_000395,千里,NUM
HCH_006_001_000395,六十六,NUM
HCH_006_001_000396,起輦谷,LOC
HCH_006_001_000397,至元三年冬十月,TME
HCH_006_001_000397,皇帝,TITLE
HCH_006_001_000398,至大二年冬十一月庚辰,TME
HCH_006_001_000398,皇帝,TITLE
HCH_006_001_000399,太祖,PER
HCH_006_001_000400,二十二年,TME
HCH_006_001_000401,四十,NUM
HCH_006_001_000401,夏,LOC
HCH_006_001_000403,戊子,TME
HCH_006_001_000404,拖雷,PER
